TagName,Description,EngUnits,Value
"L1_PAS_TT0101_PV","Zone 1 temperature","degC","72"
"L1_PAS_TIC0101_SP","Zone 1 temperature setpoint","degC","72"
"L1_PAS_PT0102_PV","Outlet pressure","bar","3.1"
"L1_PAS_PU0103_PV","Accumulated pasteurisation units","1","22.4"
"L1_PAS_UNIT_STATE","PackML unit current state","1",""
"L1_PAS_UNIT_CMD","PackML unit command","1",""
"L1_FIL_PT0301_PV","Outlet pressure","bar","3"
"L1_FIL_PIC0301_SP","Fill pressure setpoint","bar","2.52"
"L1_FIL_TT0302_PV","Product temperature","degC","4"
"L1_FIL_FT0303_PV","Product flow","L/min","180"
"L1_FIL_LIC0304_SP","Bowl level setpoint","%","62"
"L1_FIL_LT0304_PV","Bowl level","%","61.4"
"L1_FIL_QIC0305_SP","Fill volume setpoint","mL","500"
"L1_FIL_SIC0306_SP","Carousel speed setpoint","rpm","32"
"L1_FIL_ST0306_PV","Carousel speed","rpm","31.8"
"L1_FIL_XV0307_CMD","Product valve command","1",""
"L1_FIL_UNIT_STATE","PackML unit current state","1",""
"L1_FIL_UNIT_CMD","PackML unit command","1",""
"L1_FIL_KPI0308_OEE","Overall equipment effectiveness","%","78.5"
"L1_CAP_TQ0401_PV","Capping torque","N.m","2.05"
"L1_CAP_TQC0401_SP","Capping torque setpoint","N.m","2.1"
"L1_CAP_ST0402_PV","Head speed","rpm","32"
"L1_CAP_UNIT_STATE","PackML unit current state","1",""
"L1_CAP_UNIT_CMD","PackML unit command","1",""
"L1_LAB_ST0501_PV","Carousel speed","rpm","31.5"
"L1_LAB_ZT0502_PV","Label position deviation","mm","0.4"
"L1_LAB_CNT0503_PV","Reject count","#","142"
"L1_LAB_UNIT_STATE","PackML unit current state","1",""
"L1_LAB_UNIT_CMD","PackML unit command","1",""
"L1_CIP_TT0601_PV","Return temperature","degC","79"
"L1_CIP_FT0602_PV","Return flow","L/min","410"
"L1_CIP_AT0603_PV","Caustic concentration","%","2.1"
"L1_CIP_AT0604_PV","Return pH","pH","12.4"
"L1_CIP_UNIT_STATE","PackML unit current state","1",""
"L1_CIP_UNIT_CMD","PackML unit command","1",""
"L2_PAS_TT0101_PV","Zone 1 temperature","degF","161.6"
"L2_PAS_TIC0101_SP","Zone 1 temperature setpoint","degF","161.6"
"L2_PAS_PT0102_PV","Outlet pressure","psi","44.95"
"L2_PAS_PU0103_PV","Accumulated pasteurisation units","1","8.5"
"L2_PAS_UNIT_STATE","PackML unit current state","1",""
"L2_PAS_UNIT_CMD","PackML unit command","1",""
"L2_FIL_PT0301_PV","Outlet pressure","psi","43.5"
"L2_FIL_PIC0301_SP","Fill pressure setpoint","psi","36.54"
"L2_FIL_TT0302_PV","Product temperature","degF","39.2"
"L2_FIL_FT0303_PV","Product flow","m3/h","10.8"
"L2_FIL_LIC0304_SP","Bowl level setpoint","%","62"
"L2_FIL_LT0304_PV","Bowl level","%","61.4"
"L2_FIL_QIC0305_SP","Fill volume setpoint","mL","500"
"L2_FIL_SIC0306_SP","Carousel speed setpoint","rpm","32"
"L2_FIL_ST0306_PV","Carousel speed","rpm","31.8"
"L2_FIL_XV0307_CMD","Product valve command","1",""
"L2_FIL_UNIT_STATE","PackML unit current state","1",""
"L2_FIL_UNIT_CMD","PackML unit command","1",""
"L2_FIL_KPI0308_OEE","Overall equipment effectiveness","%","78.5"
"L2_CAP_TQ0401_PV","Capping torque","N.m","2.05"
"L2_CAP_TQC0401_SP","Capping torque setpoint","N.m","2.1"
"L2_CAP_ST0402_PV","Head speed","rpm","32"
"L2_CAP_UNIT_STATE","PackML unit current state","1",""
"L2_CAP_UNIT_CMD","PackML unit command","1",""
"L2_LAB_ST0501_PV","Carousel speed","rpm","31.5"
"L2_LAB_ZT0502_PV","Label position deviation","mm","0.4"
"L2_LAB_CNT0503_PV","Reject count","#","142"
"L2_LAB_UNIT_STATE","PackML unit current state","1",""
"L2_LAB_UNIT_CMD","PackML unit command","1",""
"UT_CMP_PT0801_PV","Outlet pressure","bar","7.8"
"UT_CMP_PIC0801_SP","Discharge pressure setpoint","bar","7.5"
"UT_CMP_TT0802_PV","Discharge temperature","degC","88"
"UT_CMP_JT0803_PV","Active power","kW","112"
"UT_CMP_VT0804_PV","Bearing vibration","mm","3.2"
"UT_CHL_TT0901_PV","Chilled water supply temperature","degC","4.2"
"UT_CHL_TIC0901_SP","Chilled water supply setpoint","degC","4"
"UT_CHL_FT0902_PV","Chilled water flow","m3/h","84"
"UT_CHL_JT0903_PV","Active power","kW","241"